iter	Logloss
0	0.6600414285
1	0.6385866222
2	0.6250970804
3	0.6165037247
4	0.6107163601
5	0.6071190885
6	0.6045453644
7	0.6025678631
8	0.6015066818
9	0.6006224641
10	0.5999252914
11	0.5990263548
12	0.5986209792
13	0.5978959354
14	0.5973202977
15	0.5964970957
16	0.5960511843
17	0.5958563581
